{
  "optimal_k": 10,
  "features": [
    "tempo",
    "energy",
    "valence",
    "danceability",
    "acousticness",
    "loudness"
  ],
  "n_songs": 6198,
  "n_participants": 2,
  "k3_bic": 68438.9759820632,
  "k3_silhouette": 0.13798963744509848,
  "opt_bic": 62477.91637282362,
  "opt_silhouette": 0.017791247818281293,
  "bic_sweep": {
    "2": {
      "bic": 74587.02437376158,
      "aic": 74216.76536715246,
      "silhouette": 0.39400139050765076
    },
    "3": {
      "bic": 68438.9759820632,
      "aic": 67880.22148118034,
      "silhouette": 0.13798963744509848
    },
    "4": {
      "bic": 66632.78258884358,
      "aic": 65885.53259368698,
      "silhouette": 0.09086228039317804
    },
    "5": {
      "bic": 65210.09289844442,
      "aic": 64274.34740901409,
      "silhouette": 0.07405539812430578
    },
    "6": {
      "bic": 63694.14479935184,
      "aic": 62569.903815647776,
      "silhouette": 0.029789520938393408
    },
    "7": {
      "bic": 63201.528864790045,
      "aic": 61888.792386812245,
      "silhouette": 0.03175810818519734
    },
    "8": {
      "bic": 62946.96979098597,
      "aic": 61445.73781873443,
      "silhouette": 0.04178079692554865
    },
    "9": {
      "bic": 62896.70610199004,
      "aic": 61206.97863546477,
      "silhouette": 0.028115740094548394
    },
    "10": {
      "bic": 62477.91637282362,
      "aic": 60599.693412024615,
      "silhouette": 0.017791247818281293
    }
  }
}